Workbook
Name Adjusted_Sample_Size__Finite_Pop.: Sample_Size_Pop!#REF!
Name Adjusted_Sample_Size__Finite_Pop.: Sample_Calculator!$B$9
Name Confidence_Level: Sample_Size_Pop!#REF!
Name Confidence_Level: Sample_Calculator!$B$5
Name Margin_of_Error: Sample_Size_Pop!#REF!
Name Margin_of_Error: Sample_Calculator!$B$4
Name Population_Size__N: Sample_Size_Pop!#REF!
Name Population_Size__N: Sample_Calculator!$B$3
Name Sample_Size__Infinite_Pop.: Sample_Size_Pop!#REF!
Name Sample_Size__Infinite_Pop.: Sample_Calculator!$B$8
Name sample_size_reference_table: Python_Sample_Size_Table!$B$11:$I$15

Sheet Sample_Calculator
A2: Population Sample Size Calculator | E2: Confidence Levels | F2: Z
A3: Population Size (N) | B3: 1000 | C3: Total population to sample from | E3: 0.9 | F3: =1.645 -> 1.645
A4: Margin of Error (E) | B4: 0.05 | C4: e.g., 0.05 = ±5% | E4: 0.95 | F4: 1.96
A5: Confidence Level (Z) | B5: 1.96 | C5: 1.96 = 95% confidence | E5: 0.99 | F5: 2.576
A6: Estimated Proportion (p) | B6: 0.5 | C6: Use 0.5 for maximum variability
A8: Sample Size (Infinite Pop.) | B8: =(B5^2 * B6 * (1 - B6)) / (B4^2) -> 384.16 | C8: Formula cell - locked
A9: Adjusted Sample Size (Finite Pop.) | B9: =B8/(1+(B8-1)/B3) -> 277.74083 | C9: Formula cell - locked

Sheet Sample_Size_Pop
B1: Population Size (N)
A3: Margin of Error | B3: 100 | C3: 500 | D3: 1000 | E3: 3000 | F3: 5000 | G3: 10000 | H3: 100000 | I3: 1000000 | J3: Infinite Population Sample (m)
A4: 0.01 | B4: =CEILING($J$4/(1+(($J$4-1)/B$3)), 1 ) -> 99 | C4: =CEILING($J$4/(1+(($J$4-1)/C$3)), 1 ) -> 476 | D4: =CEILING($J$4/(1+(($J$4-1)/D$3)), 1 ) -> 906 | E4: =CEILING($J$4/(1+(($J$4-1)/E$3)), 1 ) -> 2287 | F4: =CEILING($J$4/(1+(($J$4-1)/F$3)), 1 ) -> 3289 | G4: =CEILING($J$4/(1+(($J$4-1)/G$3)), 1 ) -> 4900 | H4: =CEILING($J$4/(1+(($J$4-1)/H$3)), 1 ) -> 8763 | I4: =CEILING($J$4/(1+(($J$4-1)/I$3)), 1 ) -> 9513 | J4: =(Sample_Calculator!$B$5^2 * Sample_Calculator!$B$6 * (1 - Sample_Calculator!$B$6)) / (A4^2) -> 9604
A5: 0.03 | B5: =CEILING($J$5/(1+(($J$5-1)/B$3)), 1 ) -> 92 | C5: =CEILING($J$5/(1+(($J$5-1)/C$3)), 1 ) -> 341 | D5: =CEILING($J$5/(1+(($J$5-1)/D$3)), 1 ) -> 517 | E5: =CEILING($J$5/(1+(($J$5-1)/E$3)), 1 ) -> 788 | F5: =CEILING($J$5/(1+(($J$5-1)/F$3)), 1 ) -> 880 | G5: =CEILING($J$5/(1+(($J$5-1)/G$3)), 1 ) -> 965 | H5: =CEILING($J$5/(1+(($J$5-1)/H$3)), 1 ) -> 1056 | I5: =CEILING($J$5/(1+(($J$5-1)/I$3)), 1 ) -> 1066 | J5: =(Sample_Calculator!$B$5^2 * Sample_Calculator!$B$6 * (1 - Sample_Calculator!$B$6)) / (A5^2) -> 1067.1111
A6: 0.05 | B6: =CEILING($J$6/(1+(($J$6-1)/B$3)), 1 ) -> 80 | C6: =CEILING($J$6/(1+(($J$6-1)/C$3)), 1 ) -> 218 | D6: =CEILING($J$6/(1+(($J$6-1)/D$3)), 1 ) -> 278 | E6: =CEILING($J$6/(1+(($J$6-1)/E$3)), 1 ) -> 341 | F6: =CEILING($J$6/(1+(($J$6-1)/F$3)), 1 ) -> 357 | G6: =CEILING($J$6/(1+(($J$6-1)/G$3)), 1 ) -> 370 | H6: =CEILING($J$6/(1+(($J$6-1)/H$3)), 1 ) -> 383 | I6: =CEILING($J$6/(1+(($J$6-1)/I$3)), 1 ) -> 385 | J6: =(Sample_Calculator!$B$5^2 * Sample_Calculator!$B$6 * (1 - Sample_Calculator!$B$6)) / (A6^2) -> 384.16
A7: 0.07 | B7: =CEILING($J$7/(1+(($J$7-1)/B$3)), 1 ) -> 67 | C7: =CEILING($J$7/(1+(($J$7-1)/C$3)), 1 ) -> 142 | D7: =CEILING($J$7/(1+(($J$7-1)/D$3)), 1 ) -> 165 | E7: =CEILING($J$7/(1+(($J$7-1)/E$3)), 1 ) -> 185 | F7: =CEILING($J$7/(1+(($J$7-1)/F$3)), 1 ) -> 189 | G7: =CEILING($J$7/(1+(($J$7-1)/G$3)), 1 ) -> 193 | H7: =CEILING($J$7/(1+(($J$7-1)/H$3)), 1 ) -> 196 | I7: =CEILING($J$7/(1+(($J$7-1)/I$3)), 1 ) -> 196 | J7: =(Sample_Calculator!$B$5^2 * Sample_Calculator!$B$6 * (1 - Sample_Calculator!$B$6)) / (A7^2) -> 196
A8: 0.1 | B8: =CEILING($J$8/(1+(($J$8-1)/B$3)), 1 ) -> 50 | C8: =CEILING($J$8/(1+(($J$8-1)/C$3)), 1 ) -> 81 | D8: =CEILING($J$8/(1+(($J$8-1)/D$3)), 1 ) -> 88 | E8: =CEILING($J$8/(1+(($J$8-1)/E$3)), 1 ) -> 94 | F8: =CEILING($J$8/(1+(($J$8-1)/F$3)), 1 ) -> 95 | G8: =CEILING($J$8/(1+(($J$8-1)/G$3)), 1 ) -> 96 | H8: =CEILING($J$8/(1+(($J$8-1)/H$3)), 1 ) -> 96 | I8: =CEILING($J$8/(1+(($J$8-1)/I$3)), 1 ) -> 97 | J8: =(Sample_Calculator!$B$5^2 * Sample_Calculator!$B$6 * (1 - Sample_Calculator!$B$6)) / (A8^2) -> 96.04

Sheet Python_Sample_Size_Table
C2: Population (N)
A3: Margin of Error (±) | C3: N=100 | D3: N=500 | E3: N=1000 | F3: N=3000 | G3: N=10,000 | H3: N=100,000 | I3: N=1,000,000
B4: 0.01 | C4: 99 | D4: 476 | E4: 906 | F4: 2287 | G4: 4900 | H4: 8763 | I4: 9513
B5: 0.03 | C5: 92 | D5: 341 | E5: 517 | F5: 788 | G5: 965 | H5: 1056 | I5: 1066
B6: 0.05 | C6: 80 | D6: 218 | E6: 278 | F6: 341 | G6: 370 | H6: 383 | I6: 385
B7: 0.1 | C7: 50 | D7: 81 | E7: 88 | F7: 94 | G7: 96 | H7: 96 | I7: 97
